r,station,seed,window,mean_res_pair,std_res_pair,frac_res_lt_1e-3,mean_n_unique_joint,std_n_unique_joint,mean_max_mult,std_max_mult,mean_sparsity,std_sparsity,mean_alph_prod,std_alph_prod,mean_fill_frac,std_fill_frac,mean_H_joint,std_H_joint,mean_TC,std_TC,mean_TC_pair,std_TC_pair,mean_Res_TC,std_Res_TC,mean_ipf_iters,std_ipf_iters,mean_ipf_dev,std_ipf_dev,mean_mean_k_i,std_mean_k_i,frac_res_lt_1e-2,n_windows,full_res_pair,full_n_unique_joint,full_max_mult,full_sparsity,full_alph_prod,full_fill_frac,full_H_joint,full_TC,full_TC_pair,full_Res_TC,full_ipf_iters,full_ipf_dev,full_mean_k_i
3.2,S_k_p2,0,13,0.20964122810191435,0.23411760837158724,0.20535714285714285,11.366071428571429,1.089688157507571,1.90625,0.448366330216073,0.8743131868131869,0.08382216596212085,254.57142857142858,9.454509775871026,0.04470098586309523,0.004461242001496747,3.4454368249301415,0.1737148442563049,4.276045265677644,0.19538329720695852,4.058744009617854,0.2971991602607078,0.21730125605978973,0.23217754694670095,195.02678571428572,29.980040926491107,0.00031234450475623013,0.00015839402734980622,3.994419642857143,0.0369316788119962,0.4419642857142857,224.0,0.007615987472333075,32.0,34.0,0.04,256.0,0.125,4.978657673619351,3.0180770552556364,3.010461067783102,0.007615987472534336,7.0,2.5807939119104617e-11,4.0
3.2,S_k_p2,0,26,0.34837024852813714,0.14037143994903672,0.0,19.00900900900901,1.5711102145378422,2.7927927927927927,0.5713445043498352,0.7311157311157311,0.06042731594376316,256.0,0.0,0.07425394144144144,0.006137149275538446,4.128315530170693,0.140006911379541,3.7685974278225522,0.14027356171655744,3.4185905246744834,0.17350569072142724,0.35000690314806876,0.13888260703877084,108.3108108108108,85.56598934024557,9.437759869883775e-05,0.00011536030892518153,4.0,0.0,0.0,222.0,0.007615987472333075,32.0,34.0,0.04,256.0,0.125,4.978657673619351,3.0180770552556364,3.010461067783102,0.007615987472534336,7.0,2.5807939119104617e-11,4.0
3.2,S_k_p2,0,52,0.2003532700176588,0.07008708928520739,0.0,26.992592592592594,1.6124345352030576,4.303703703703704,0.6585514302486777,0.519088319088319,0.031008356446212637,256.0,0.0,0.10543981481481482,0.006298572403136944,4.583458749891442,0.09604342938358759,3.37178706237415,0.0924961701757412,3.171433792282696,0.06656714795135037,0.20035327009145498,0.07008708927628989,23.266666666666666,10.60272501660671,6.197046826312342e-11,2.000184543532628e-11,4.0,0.0,0.0,135.0,0.007615987472333075,32.0,34.0,0.04,256.0,0.125,4.978657673619351,3.0180770552556364,3.010461067783102,0.007615987472534336,7.0,2.5807939119104617e-11,4.0
3.2,S_k_p2,0,104,0.08777588647838225,0.035136306870690415,0.0,31.333333333333332,0.8226589066968621,6.9393939393939394,0.8855538906789369,0.30128205128205127,0.00791018179516215,256.0,0.0,0.12239583333333333,0.0032135113542846178,4.811344663344875,0.05139953517901868,3.1678090683723723,0.05138921515674471,3.080033181876098,0.03661447855668871,0.08777588649627484,0.03513630686778839,14.090909090909092,4.413228299333558,4.954971323817449e-11,2.4723119655316712e-11,4.0,0.0,0.0,66.0,0.007615987472333075,32.0,34.0,0.04,256.0,0.125,4.978657673619351,3.0180770552556364,3.010461067783102,0.007615987472534336,7.0,2.5807939119104617e-11,4.0
3.2,S_k_p2,1,13,0.19028249981375508,0.2154166278373805,0.25892857142857145,11.388392857142858,1.1479986883792195,1.9151785714285714,0.4972621149548674,0.8760302197802198,0.08830759141378612,255.42857142857142,6.020373573058707,0.04460797991071429,0.004599432922652083,3.447574724136591,0.18449225822311274,4.3112771192697785,0.20554322335569114,4.113758388255806,0.3052163358753905,0.19751873101397185,0.2141098591318519,191.80803571428572,37.9013490110295,0.0002904229966031112,0.0001555139294019979,3.997767857142857,0.023517084269760576,0.45089285714285715,224.0,0.0044397853394001355,32.0,35.0,0.04,256.0,0.125,4.972877391736908,3.0240289348609206,3.0195891495227194,0.004439785338201219,8.0,2.104391660928684e-11,4.0
3.2,S_k_p2,1,26,0.3013294746331353,0.1464940145858306,0.0,19.04954954954955,1.7143471887517063,2.8063063063063063,0.6319965901492116,0.7326749826749825,0.0659364303366041,256.0,0.0,0.07441230292792793,0.006696668706061353,4.130429857449571,0.15415840571954695,3.7786700181922477,0.158670750619773,3.4752547150447404,0.19770178251736373,0.3034153031475074,0.14521229025018378,125.91441441441441,85.04681736300313,0.00011786873438251902,0.00011521740567690371,4.0,0.0,0.0,222.0,0.0044397853394001355,32.0,35.0,0.04,256.0,0.125,4.972877391736908,3.0240289348609206,3.0195891495227194,0.004439785338201219,8.0,2.104391660928684e-11,4.0
3.2,S_k_p2,1,52,0.1714065758819864,0.06754234508883208,0.0,26.874074074074073,1.7188696959194052,4.2444444444444445,0.7248669524577819,0.5168091168091168,0.03305518645998856,256.0,0.0,0.10497685185185185,0.0067143347496851765,4.58138308479273,0.10256862500381361,3.379997104772767,0.10160568818207273,3.208525351853796,0.09533316961868246,0.17147175291897102,0.0675065864683371,31.28148148148148,34.84285395715005,5.696882150358721e-06,2.9071217215006788e-05,4.0,0.0,0.0,135.0,0.0044397853394001355,32.0,35.0,0.04,256.0,0.125,4.972877391736908,3.0240289348609206,3.0195891495227194,0.004439785338201219,8.0,2.104391660928684e-11,4.0
3.2,S_k_p2,1,104,0.06675879500997238,0.03237825445349176,0.0,31.393939393939394,0.7563626651120415,6.712121212121212,0.9005915819220351,0.30186480186480186,0.007272717933769641,256.0,0.0,0.12263257575757576,0.0029545416605939122,4.819633521657298,0.055960061446848765,3.162017144161503,0.05622993947553323,3.095258349134178,0.04126300144331124,0.06675879502732487,0.03237825446051882,14.348484848484848,5.070689464334197,4.573179650625324e-11,2.3544681924000104e-11,4.0,0.0,0.0,66.0,0.0044397853394001355,32.0,35.0,0.04,256.0,0.125,4.972877391736908,3.0240289348609206,3.0195891495227194,0.004439785338201219,8.0,2.104391660928684e-11,4.0
3.2,S_k_p2,2,13,0.19098588005584952,0.21242800963221709,0.20089285714285715,11.415178571428571,1.199680747817382,1.90625,0.5219779090153146,0.8780906593406594,0.09228313444749094,255.71428571428572,4.266624149448022,0.04466029575892857,0.004833706305375063,3.450917903220901,0.19348172568896818,4.311441833255057,0.20216420103568886,4.112756199983629,0.31073183609132066,0.19868563327142746,0.21110525395857005,193.39285714285714,34.35031117109451,0.00031130124349877317,0.00016007372666895846,3.9988839285714284,0.016666500583781337,0.4375,224.0,0.00979453303517204,32.0,34.0,0.04,256.0,0.125,4.973641744200578,3.023598231251392,3.013803698215871,0.009794533035520914,9.0,1.5850487589119666e-11,4.0
3.2,S_k_p2,2,26,0.2995778307723509,0.13109206191063222,0.0,18.86036036036036,1.7740257714328667,2.7387387387387387,0.6326223374436313,0.7253984753984755,0.06823176043972565,256.0,0.0,0.07367328265765766,0.006929788169659635,4.116153414623184,0.16230857479420838,3.790012653813488,0.1597174014476736,3.4882160351542093,0.20000747577655528,0.30179661865927915,0.12949324569385962,127.95495495495496,84.22908352513672,0.00012068286152608292,0.00011876510493324598,4.0,0.0,0.009009009009009009,222.0,0.00979453303517204,32.0,34.0,0.04,256.0,0.125,4.973641744200578,3.023598231251392,3.013803698215871,0.009794533035520914,9.0,1.5850487589119666e-11,4.0
3.2,S_k_p2,2,52,0.17422042355157252,0.070716439977799,0.0,26.585185185185185,1.827303965004526,4.237037037037037,0.6689672239926304,0.5112535612535613,0.03514046086547165,256.0,0.0,0.10384837962962963,0.0071379061132989296,4.558871486528736,0.11046774877717556,3.3951706013209475,0.10663548110635639,3.2208448260163913,0.09403951423438107,0.17432577530455684,0.07065228020827184,34.71111111111111,37.94808669683648,7.784012844950495e-06,3.6626977868791344e-05,4.0,0.0,0.0,135.0,0.00979453303517204,32.0,34.0,0.04,256.0,0.125,4.973641744200578,3.023598231251392,3.013803698215871,0.009794533035520914,9.0,1.5850487589119666e-11,4.0
3.2,S_k_p2,2,104,0.07724399588689024,0.030538222544726417,0.0,31.015151515151516,0.9768909284736284,7.0606060606060606,0.967326648455295,0.2982226107226107,0.009393182004554131,256.0,0.0,0.12115293560606061,0.0038159801893501107,4.787919633874587,0.0600229173841365,3.187533374106871,0.05611267393965287,3.110289378190963,0.04676109769774106,0.07724399591590826,0.030538222537909464,16.0,5.918640302493727,5.200139750623349e-11,2.323637578737849e-11,4.0,0.0,0.0,66.0,0.00979453303517204,32.0,34.0,0.04,256.0,0.125,4.973641744200578,3.023598231251392,3.013803698215871,0.009794533035520914,9.0,1.5850487589119666e-11,4.0
3.2,S_k_p2,3,13,0.17758407482545804,0.2197749932968983,0.20535714285714285,11.299107142857142,1.1199486225232997,1.9508928571428572,0.4651220146589582,0.8691620879120879,0.08614989404025385,255.71428571428572,4.266624149448022,0.04420107886904762,0.004461075370215956,3.4335792270548047,0.18237437128023876,4.331267098152049,0.19433858712049498,4.1455315032185975,0.3011185613063762,0.1857355949334503,0.2177264571178064,193.54017857142858,33.57784388503991,0.0003204346892381212,0.0001676469730945564,3.9988839285714284,0.016666500583781337,0.5178571428571429,224.0,0.012565984210027789,32.0,34.0,0.04,256.0,0.125,4.976612900179276,3.0220613263222624,3.009495342112265,0.012565984209997438,7.0,2.0304841141793872e-11,4.0
3.2,S_k_p2,3,26,0.3185576217437455,0.13212802963566972,0.0,18.774774774774773,1.6721604123914349,2.81981981981982,0.6324298657579908,0.7221067221067222,0.06431386201505519,256.0,0.0,0.07333896396396396,0.0065318766109040425,4.105991421894138,0.1582279508393586,3.79966500099885,0.15964934033145003,3.479189092618984,0.19806668720865964,0.3204759083798663,0.13094922536389084,128.88288288288288,84.03101515991642,0.00011612032804044296,0.00010764958052434505,4.0,0.0,0.0,222.0,0.012565984210027789,32.0,34.0,0.04,256.0,0.125,4.976612900179276,3.0220613263222624,3.009495342112265,0.012565984209997438,7.0,2.0304841141793872e-11,4.0
3.2,S_k_p2,3,52,0.1914385328296002,0.07315890495871567,0.0,26.488888888888887,1.6638494708742118,4.340740740740741,0.7713668768559889,0.5094017094017095,0.031997105209119456,256.0,0.0,0.10347222222222222,0.00649941199560239,4.553614163922633,0.10820449764008143,3.4008241479796073,0.1060162351600541,3.209298161781047,0.09327077691830558,0.19152598619855984,0.07306149720337478,31.77777777777778,34.85199748070492,6.378147144469747e-06,3.302978889565566e-05,4.0,0.0,0.0,135.0,0.012565984210027789,32.0,34.0,0.04,256.0,0.125,4.976612900179276,3.0220613263222624,3.009495342112265,0.012565984209997438,7.0,2.0304841141793872e-11,4.0
3.2,S_k_p2,3,104,0.08795304815838105,0.04089956515832015,0.0,31.12121212121212,0.8441447440717648,7.0,0.9211323729436766,0.2992424242424242,0.008116776385305441,256.0,0.0,0.12156723484848485,0.003297440406530331,4.794081446377001,0.04961401515142196,3.1844270174018012,0.04904392154415928,3.0964739692293515,0.04098819485339583,0.0879530481724499,0.04089956516287581,14.318181818181818,3.7138524101689754,4.9479077611197354e-11,2.355493307289018e-11,4.0,0.0,0.0,66.0,0.012565984210027789,32.0,34.0,0.04,256.0,0.125,4.976612900179276,3.0220613263222624,3.009495342112265,0.012565984209997438,7.0,2.0304841141793872e-11,4.0
3.3,S_k_p2,0,13,0.171735502257128,0.22252225600453857,0.23660714285714285,11.366071428571429,1.077327511171292,1.9419642857142858,0.4921052429644102,0.8743131868131869,0.08287134701317632,255.71428571428572,4.266624149448022,0.044462658110119055,0.004294036670131842,3.443103724820433,0.1758011278065081,4.333606956580925,0.18314657603728,4.154151421344068,0.2992445633802528,0.179455535236858,0.22110638938498897,193.49107142857142,33.832437820116375,0.000309879482434978,0.0001518904222863546,3.9988839285714284,0.016666500583781337,0.5223214285714286,224.0,0.011280539872034282,32.0,34.0,0.04,256.0,0.125,4.982001976685104,3.0163747554879423,3.005094215615908,0.011280539872034367,6.0,1.7300605392733814e-12,4.0
3.3,S_k_p2,0,26,0.3104503793064684,0.14484021521342158,0.0,18.995495495495497,1.6205264069324188,2.810810810810811,0.5775610963900759,0.7305959805959805,0.062327938728169954,256.0,0.0,0.07420115427927929,0.006330181277079761,4.126474021077988,0.14517455864190484,3.784822197484456,0.14529117852741294,3.4723024344279834,0.19952556300078053,0.3125197630564733,0.14346997174435291,133.3108108108108,83.39619846948905,0.00012091651644428071,0.0001102903074092777,4.0,0.0,0.0045045045045045045,222.0,0.011280539872034282,32.0,34.0,0.04,256.0,0.125,4.982001976685104,3.0163747554879423,3.005094215615908,0.011280539872034367,6.0,1.7300605392733814e-12,4.0
3.3,S_k_p2,0,52,0.19012476284852256,0.07721445101183184,0.0,26.555555555555557,1.5854274650432858,4.296296296296297,0.6674892045077813,0.5106837606837608,0.030488989712370882,256.0,0.0,0.1037326388888889,0.006193076035325335,4.556987694906189,0.09095398382062928,3.4015072997439946,0.091857727631618,3.211284740555829,0.08931353605875277,0.19022255918816547,0.07709608106368476,33.2962962962963,40.1700227411352,7.76932800401321e-06,3.323328795985389e-05,4.0,0.0,0.0,135.0,0.011280539872034282,32.0,34.0,0.04,256.0,0.125,4.982001976685104,3.0163747554879423,3.005094215615908,0.011280539872034367,6.0,1.7300605392733814e-12,4.0
3.3,S_k_p2,0,104,0.08127216642537465,0.03359084951189986,0.0,31.03030303030303,0.8522643097227415,6.9393939393939394,0.9025013704142685,0.2983682983682983,0.008194849131949448,256.0,0.0,0.12121212121212122,0.003329157459854459,4.793877213830715,0.04943981988041989,3.1854882682691024,0.04906361119399302,3.1042161018284093,0.040423481106565934,0.08127216644069254,0.03359084950899492,14.93939393939394,4.133671007267862,4.667442610857343e-11,2.376029731041515e-11,4.0,0.0,0.0,66.0,0.011280539872034282,32.0,34.0,0.04,256.0,0.125,4.982001976685104,3.0163747554879423,3.005094215615908,0.011280539872034367,6.0,1.7300605392733814e-12,4.0
3.3,S_k_p2,1,13,0.19448415895873422,0.22572582686189216,0.20982142857142858,11.325892857142858,1.1084291922512208,1.9285714285714286,0.4670248868079293,0.8712225274725275,0.08526378401932469,255.71428571428572,4.266624149448022,0.044299897693452384,0.004347247196115357,3.4385686930620096,0.1792184507815394,4.333267644482521,0.18600293947629817,4.130676366792888,0.30131736279480426,0.20259127768963273,0.22389391226873834,195.10267857142858,29.53286897624598,0.0003270504534035549,0.0001663186029701198,3.9988839285714284,0.016666500583781337,0.46875,224.0,0.01252965389770782,32.0,38.0,0.04,256.0,0.125,4.961465025655752,3.0368846337699082,3.0243549798712364,0.012529653898671889,8.0,1.1887657525022632e-11,4.0
3.3,S_k_p2,1,26,0.3153097538107374,0.13427729448206738,0.0,18.87837837837838,1.6215277750622314,2.77027027027027,0.58233679530852,0.7260914760914761,0.062366452887008914,256.0,0.0,0.07374366554054054,0.006334092871336842,4.1187052261188875,0.146931816877123,3.796188937296295,0.14651334297472554,3.478850669387846,0.20706324719002328,0.3173382679084495,0.13277619313948244,132.1036036036036,83.94116926111973,0.00011485394886900565,0.00010473236595463258,4.0,0.0,0.0045045045045045045,222.0,0.01252965389770782,32.0,38.0,0.04,256.0,0.125,4.961465025655752,3.0368846337699082,3.0243549798712364,0.012529653898671889,8.0,1.1887657525022632e-11,4.0
3.3,S_k_p2,1,52,0.18802452275839968,0.05942050799605252,0.0,26.533333333333335,1.7629940862487736,4.318518518518519,0.6283647425318073,0.5102564102564102,0.03390373242786103,256.0,0.0,0.10364583333333334,0.006886695649409272,4.5557232478395555,0.10351541379709545,3.407086276834331,0.10257091149508435,3.219005887362085,0.08933959812411732,0.1880803894722459,0.05936140830280683,30.762962962962963,31.144158814421164,4.901372398300217e-06,2.809217947868641e-05,4.0,0.0,0.0,135.0,0.01252965389770782,32.0,38.0,0.04,256.0,0.125,4.961465025655752,3.0368846337699082,3.0243549798712364,0.012529653898671889,8.0,1.1887657525022632e-11,4.0
3.3,S_k_p2,1,104,0.0846902145578663,0.03267667948565632,0.0,30.984848484848484,0.8437367146864153,7.0606060606060606,0.9025013704142685,0.29793123543123545,0.008112853025830927,256.0,0.0,0.12103456439393939,0.00329584654174381,4.7949345495662605,0.05131126460089223,3.1883808429892952,0.05011866564439979,3.1036906284103316,0.033780348659088,0.08469021457896364,0.03267667949124596,15.075757575757576,3.759072282635567,4.3743375504326416e-11,2.2946992375919016e-11,4.0,0.0,0.0,66.0,0.01252965389770782,32.0,38.0,0.04,256.0,0.125,4.961465025655752,3.0368846337699082,3.0243549798712364,0.012529653898671889,8.0,1.1887657525022632e-11,4.0
3.3,S_k_p2,2,13,0.17584021935301836,0.221597453715474,0.2857142857142857,11.433035714285714,1.163038538304571,1.9107142857142858,0.5009557192537691,0.8794642857142858,0.08946450294650544,255.71428571428572,4.266624149448022,0.044712611607142856,0.004500649714547583,3.453924389313677,0.18878583139990424,4.322175530108261,0.20084428855629563,4.1391554463118165,0.3194572140187324,0.1830200837964435,0.2206422975637445,193.41517857142858,34.2466362003561,0.00030101081548825493,0.00015128685290197172,3.9988839285714284,0.016666500583781337,0.5223214285714286,224.0,0.003811283587040341,32.0,35.0,0.04,256.0,0.125,4.981884581030746,3.015716393883359,3.0119051102941548,0.0038112835892043506,7.0,8.352304958769707e-11,4.0
3.3,S_k_p2,2,26,0.281677733774143,0.1308058465545718,0.0,18.86036036036036,1.740703972704969,2.8513513513513513,0.6299384876111711,0.7253984753984755,0.06695015279634496,256.0,0.0,0.07367328265765766,0.006799624893378785,4.111482800528268,0.15845949775348292,3.7987251279883334,0.15902321593010163,3.514787445592737,0.20975894825536837,0.2839376823955962,0.12933611693505243,138.8963963963964,81.58880137332918,0.00012850122369295248,0.00011091775155782072,4.0,0.0,0.0,222.0,0.003811283587040341,32.0,35.0,0.04,256.0,0.125,4.981884581030746,3.015716393883359,3.0119051102941548,0.0038112835892043506,7.0,8.352304958769707e-11,4.0
3.3,S_k_p2,2,52,0.17227166704931085,0.0758232031681911,0.0,26.474074074074075,1.7964146581852034,4.496296296296296,0.739109314563936,0.5091168091168091,0.03454643573433083,256.0,0.0,0.10341435185185185,0.007017244758535951,4.5457850670463475,0.10940871267734631,3.4116067160653873,0.10942761714410341,3.2392072763376807,0.10887882860822402,0.17239943972770655,0.07572763509772104,37.02962962962963,42.53102409975496,9.665267574999717e-06,3.873857820794957e-05,4.0,0.0,0.0,135.0,0.003811283587040341,32.0,35.0,0.04,256.0,0.125,4.981884581030746,3.015716393883359,3.0119051102941548,0.0038112835892043506,7.0,8.352304958769707e-11,4.0
3.3,S_k_p2,2,104,0.07602702100240917,0.02746185443701409,0.0,30.984848484848484,0.7485829895173105,7.212121212121212,0.9926266275248001,0.2979312354312354,0.0071979133607433824,256.0,0.0,0.12103456439393939,0.002924152302801994,4.780275198580037,0.05010056731124338,3.1976753426066207,0.052819158592185694,3.121648321578867,0.05290555169960094,0.07602702102775383,0.02746185443260036,15.757575757575758,3.988850392830245,5.09397488416308e-11,2.1000150085189526e-11,4.0,0.0,0.0,66.0,0.003811283587040341,32.0,35.0,0.04,256.0,0.125,4.981884581030746,3.015716393883359,3.0119051102941548,0.0038112835892043506,7.0,8.352304958769707e-11,4.0
3.3,S_k_p2,3,13,0.1831253978400511,0.22115248417177058,0.21428571428571427,11.348214285714286,1.0707959441843402,1.9375,0.4586714121086186,0.8729395604395604,0.08236891878341081,255.71428571428572,4.266624149448022,0.044392903645833336,0.004270079764454282,3.4419118721463193,0.17112266841272772,4.335550407727094,0.1847910106737206,4.144823478958714,0.30354640751973927,0.19072692876837996,0.21962516436548635,192.49107142857142,36.71864443102497,0.0003093464994923441,0.00016302813907146833,3.9988839285714284,0.016666500583781337,0.48660714285714285,224.0,0.007030640947179695,32.0,35.0,0.04,256.0,0.125,4.9830398940109255,3.015084210707885,3.0080535697607553,0.007030640947129463,7.0,1.4406059678506722e-11,4.0
3.3,S_k_p2,3,26,0.304625250194672,0.14914568185684948,0.0045045045045045045,18.78828828828829,1.7540808911637225,2.81981981981982,0.5804347267691752,0.7226264726264725,0.06746464966014318,256.0,0.0,0.07339175112612613,0.006851878481108291,4.1076645226319926,0.15944193672498974,3.8070597186274218,0.15997328709820424,3.500310780213772,0.22122277075761207,0.30674893841364914,0.14756282231580986,129.7117117117117,84.47046366751623,0.00011766297127334033,0.00011119194637997895,4.0,0.0,0.013513513513513514,222.0,0.007030640947179695,32.0,35.0,0.04,256.0,0.125,4.9830398940109255,3.015084210707885,3.0080535697607553,0.007030640947129463,7.0,1.4406059678506722e-11,4.0
3.3,S_k_p2,3,52,0.18243340071735684,0.0699070382658468,0.0,26.659259259259258,1.7977886126426543,4.355555555555555,0.660714166547489,0.5126780626780627,0.03457285793543565,256.0,0.0,0.10413773148148148,0.0070226117681353685,4.560066484250944,0.11026640941823926,3.4004196813344945,0.11145229245237435,3.217886433189019,0.08951789140639665,0.18253324814547536,0.0698583080083071,33.77037037037037,40.212388130053725,8.591096934439257e-06,3.675645513384129e-05,4.0,0.0,0.0,135.0,0.007030640947179695,32.0,35.0,0.04,256.0,0.125,4.9830398940109255,3.015084210707885,3.0080535697607553,0.007030640947129463,7.0,1.4406059678506722e-11,4.0
3.3,S_k_p2,3,104,0.07784489473590854,0.038231167024095694,0.0,31.181818181818183,0.7959954870644665,6.924242424242424,0.9894995071064058,0.29982517482517484,0.007653802760235269,256.0,0.0,0.12180397727272728,0.0031093573713455724,4.799120074414445,0.055060199497461854,3.1829555806386285,0.05715048274351227,3.105110685879217,0.03708642355224916,0.07784489475941174,0.03823116702040797,15.045454545454545,3.7716318234379993,5.278759584330594e-11,2.3878849206131073e-11,4.0,0.0,0.0,66.0,0.007030640947179695,32.0,35.0,0.04,256.0,0.125,4.9830398940109255,3.015084210707885,3.0080535697607553,0.007030640947129463,7.0,1.4406059678506722e-11,4.0
3.45,S_k_p4,0,13,0.11206678482960737,0.17638474872583038,0.4375,10.821428571428571,1.4833256898067992,2.09375,0.49565635597083363,0.8324175824175825,0.11410197613898455,256.0,0.0,0.042271205357142856,0.0057942409758078095,3.352404102549855,0.25332455011483856,4.4773246984357895,0.2599590310166958,4.35844393205542,0.34621615695815355,0.11888076638037,0.17636828460618922,189.75,43.10897735473933,0.0002755132423354995,0.00016254051185320175,4.0,0.0,0.6294642857142857,224.0,0.005489319186442793,32.0,37.0,0.04,256.0,0.125,4.97454653412874,3.023234736792597,3.017745417603212,0.005489319189385,8.0,7.853848127403751e-11,4.0
3.45,S_k_p4,0,26,0.22673693247376162,0.13451743980952977,0.009009009009009009,17.96846846846847,2.1673033845582106,2.9594594594594597,0.6865343673448939,0.691094941094941,0.08335782248300809,256.0,0.0,0.07018932995495496,0.00846602884593051,4.028308325210214,0.21245665857631868,3.90111532899609,0.20999900564692509,3.6708958368400073,0.2870948268477398,0.23021949215608348,0.1325598509155001,164.4009009009009,68.87628679067463,0.00016656841334393427,0.0001073187918564857,4.0,0.0,0.04954954954954955,222.0,0.005489319186442793,32.0,37.0,0.04,256.0,0.125,4.97454653412874,3.023234736792597,3.017745417603212,0.005489319189385,8.0,7.853848127403751e-11,4.0
3.45,S_k_p4,0,52,0.16004849639072788,0.050652777248063593,0.0,25.637037037037036,2.1657516269737327,4.57037037037037,0.9928689499197151,0.4930199430199431,0.04164906974949485,256.0,0.0,0.10014467592592592,0.008459967292866143,4.490108268304559,0.15387184386879169,3.477983359928724,0.15188454900833287,3.3175820457162692,0.15484211648761298,0.1604013142124549,0.05047836555319319,57.44444444444444,63.95851278778057,2.6377666515415554e-05,6.0803563427317145e-05,4.0,0.0,0.0,135.0,0.005489319186442793,32.0,37.0,0.04,256.0,0.125,4.97454653412874,3.023234736792597,3.017745417603212,0.005489319189385,8.0,7.853848127403751e-11,4.0
3.45,S_k_p4,0,104,0.0693026215054508,0.0280450158373967,0.0,30.545454545454547,1.2208022471808293,7.46969696969697,1.2699283798666827,0.2937062937062937,0.01173848314596952,256.0,0.0,0.11931818181818182,0.0047687587780501145,4.751513447734313,0.08613469590797686,3.2316956292486485,0.08505746451071845,3.162362706617002,0.07512958803288187,0.06933292263164632,0.028010570854911414,21.606060606060606,23.94367050409039,2.296983902304443e-06,1.851843603989659e-05,4.0,0.0,0.015151515151515152,66.0,0.005489319186442793,32.0,37.0,0.04,256.0,0.125,4.97454653412874,3.023234736792597,3.017745417603212,0.005489319189385,8.0,7.853848127403751e-11,4.0
3.45,S_k_p4,1,13,0.10079332975488532,0.16258769442971843,0.49107142857142855,10.714285714285714,1.5522367008643378,2.049107142857143,0.544697743136091,0.8241758241758242,0.11940282314341061,256.0,0.0,0.04185267857142857,0.00606342461275132,3.3362841334653632,0.2678911825540514,4.506899686682273,0.2826449376980994,4.400467575438996,0.3715086235985667,0.10643211124327569,0.1630389586373151,181.12053571428572,57.23891601747772,0.00024481518783850826,0.00015717009091370467,4.0,0.0,0.6517857142857143,224.0,0.0032221521103939716,32.0,41.0,0.04,256.0,0.125,4.957182442055115,3.040796673239158,3.037574521128775,0.003222152110383014,9.0,8.27285462356997e-12,4.0
3.45,S_k_p4,1,26,0.19167691917222454,0.13400174162043973,0.03153153153153153,17.684684684684683,2.3171199192955187,3.063063063063063,0.8029145027496718,0.6801801801801802,0.08911999689598149,256.0,0.0,0.06908079954954954,0.00905124968474812,3.991336220552776,0.24957932653476933,3.9496954817185226,0.24703282507997493,3.7538434076844442,0.32420966203670093,0.19585207403407923,0.1319676314830869,171.54504504504504,63.69115547907128,0.00018166614194609196,0.00010113274479514555,4.0,0.0,0.06756756756756757,222.0,0.0032221521103939716,32.0,41.0,0.04,256.0,0.125,4.957182442055115,3.040796673239158,3.037574521128775,0.003222152110383014,9.0,8.27285462356997e-12,4.0
3.45,S_k_p4,1,52,0.13898739636706606,0.05628948650804244,0.0,25.585185185185185,2.489638335136355,4.807407407407408,0.9925373118934551,0.4920227920227921,0.04787766029108374,256.0,0.0,0.09994212962962963,0.009725149746626386,4.4646295169411685,0.18508847131522274,3.5085029858491805,0.1853763517619242,3.368850703009859,0.18738084027007543,0.13965228283932238,0.05574431153154788,70.04444444444445,73.26904926534063,4.117961290108943e-05,7.568587154288355e-05,4.0,0.0,0.0,135.0,0.0032221521103939716,32.0,41.0,0.04,256.0,0.125,4.957182442055115,3.040796673239158,3.037574521128775,0.003222152110383014,9.0,8.27285462356997e-12,4.0
3.45,S_k_p4,1,104,0.06998329764056269,0.03223332125368012,0.0,30.560606060606062,1.268843279942081,7.818181818181818,1.3585764709975694,0.2938519813519813,0.012200416153289246,256.0,0.0,0.11937736742424243,0.004956419062273754,4.7279169088339765,0.0924840621971932,3.259370018719187,0.09391207367582925,3.1893867210218545,0.08591431530249267,0.06998329769733311,0.03223332124305363,21.28787878787879,11.571602062304853,6.230548316334422e-11,1.9707261915703993e-11,4.0,0.0,0.015151515151515152,66.0,0.0032221521103939716,32.0,41.0,0.04,256.0,0.125,4.957182442055115,3.040796673239158,3.037574521128775,0.003222152110383014,9.0,8.27285462356997e-12,4.0
3.45,S_k_p4,2,13,0.09818407943858752,0.166587257352908,0.4375,10.723214285714286,1.6781676946075712,2.044642857142857,0.595944521284473,0.8248626373626374,0.12908982266212085,256.0,0.0,0.04188755580357143,0.006555342557060825,3.335311232525536,0.2839238472829341,4.517909103196778,0.29297124005473757,4.413338506132915,0.3831696956585221,0.10457059706386307,0.1666011191319365,185.19642857142858,51.66786775814799,0.00027137562526611045,0.0001706052122148168,4.0,0.0,0.6651785714285714,224.0,0.005093800343580067,32.0,36.0,0.04,256.0,0.125,4.971838376806727,3.0271155440635082,3.0220217437197174,0.005093800343790811,8.0,3.2800734350857397e-11,4.0
3.45,S_k_p4,2,26,0.20175909675481488,0.132774373734658,0.03153153153153153,17.82882882882883,2.5587647423584032,2.954954954954955,0.6829636977068095,0.6857241857241857,0.09841402855224628,256.0,0.0,0.06964386261261261,0.009995174774837513,4.013342635231279,0.24853766505223657,3.9279904649412933,0.24905507694765197,3.7224243628158367,0.31878914351544463,0.20556610212545698,0.13100299758224263,168.57207207207207,66.13282930529084,0.00018040929836556487,0.00010955377758532862,4.0,0.0,0.09009009009009009,222.0,0.005093800343580067,32.0,36.0,0.04,256.0,0.125,4.971838376806727,3.0271155440635082,3.0220217437197174,0.005093800343790811,8.0,3.2800734350857397e-11,4.0
3.45,S_k_p4,2,52,0.15091811001252808,0.06407583809875783,0.0,25.748148148148147,2.442580658719057,4.592592592592593,0.8632093115233905,0.4951566951566951,0.04697270497536648,256.0,0.0,0.1005787037037037,0.009541330698121317,4.488894842546243,0.17122940602679745,3.485966039724538,0.1699413296222506,3.3346141541143948,0.1758597519760927,0.1513518856101436,0.06372478678079507,57.60740740740741,62.13737424822237,2.9453039337949836e-05,7.095468323359047e-05,4.0,0.0,0.0,135.0,0.005093800343580067,32.0,36.0,0.04,256.0,0.125,4.971838376806727,3.0271155440635082,3.0220217437197174,0.005093800343790811,8.0,3.2800734350857397e-11,4.0
3.45,S_k_p4,2,104,0.0649055205774197,0.02796281889525944,0.0,30.78787878787879,1.308655932223587,7.409090909090909,1.348144322002529,0.296037296037296,0.012583230117534495,256.0,0.0,0.12026515151515152,0.005111937235248386,4.744505108654837,0.11889477884237033,3.2431420067757424,0.11916315710721889,3.1782364861300394,0.1150290024830959,0.06490552064570235,0.027962818886349872,23.12121212121212,18.673847497206996,6.101902106487934e-11,2.3481412537784076e-11,4.0,0.0,0.0,66.0,0.005093800343580067,32.0,36.0,0.04,256.0,0.125,4.971838376806727,3.0271155440635082,3.0220217437197174,0.005093800343790811,8.0,3.2800734350857397e-11,4.0
3.45,S_k_p4,3,13,0.07760881769489766,0.15143403008106093,0.5357142857142857,10.401785714285714,1.7599706847628143,2.0982142857142856,0.56631360299641,0.8001373626373626,0.13538236036637033,255.71428571428572,4.266624149448022,0.04069010416666667,0.006916291831316298,3.282063069741895,0.3065691904142596,4.570573362314861,0.3262136049565648,4.487006259991374,0.4042286106094922,0.08356710232348687,0.15212812609607548,185.25892857142858,51.458069882137025,0.00025853623802756816,0.00016755557620712358,3.9988839285714284,0.016666500583781337,0.71875,224.0,0.008095564217646019,32.0,35.0,0.04,256.0,0.125,4.972766530582698,3.025429726326048,3.0173341621082264,0.00809556421782176,9.0,1.0742962075482865e-11,4.0
3.45,S_k_p4,3,26,0.18071413180613474,0.14241211935970008,0.09009009009009009,17.13063063063063,2.535523926979785,3.18018018018018,0.8131597606644905,0.6588704088704089,0.09752015103768405,256.0,0.0,0.0669165259009009,0.009904390339764785,3.934029858445365,0.2755750619920183,4.006374610848584,0.2780896931986311,3.8214901310891083,0.37614194830895875,0.18488447975947606,0.14023201122956225,166.95945945945945,67.55360351199307,0.00018469714881562033,0.00011465082597070402,4.0,0.0,0.15765765765765766,222.0,0.008095564217646019,32.0,35.0,0.04,256.0,0.125,4.972766530582698,3.025429726326048,3.0173341621082264,0.00809556421782176,9.0,1.0742962075482865e-11,4.0
3.45,S_k_p4,3,52,0.1520827611036579,0.06763019802007975,0.0,25.274074074074075,2.645554285210287,4.866666666666666,0.9722063490767715,0.486039886039886,0.050876043946351666,256.0,0.0,0.09872685185185186,0.010334196426602684,4.442345314495015,0.1912438826743416,3.530787100846312,0.19020267683597925,3.3781893994597687,0.1977004222217292,0.15259770138654347,0.06695101723944857,58.422222222222224,60.56028116117847,2.6492627581703043e-05,6.538929270788127e-05,4.0,0.0,0.014814814814814815,135.0,0.008095564217646019,32.0,35.0,0.04,256.0,0.125,4.972766530582698,3.025429726326048,3.0173341621082264,0.00809556421782176,9.0,1.0742962075482865e-11,4.0
3.45,S_k_p4,3,104,0.0718981218591227,0.0342588294947449,0.0,30.560606060606062,1.4886315444443545,7.651515151515151,1.224651146893928,0.2938519813519813,0.01431376485042649,256.0,0.0,0.11937736742424243,0.00581496697048576,4.725351241782915,0.10495106272058484,3.2629324735214613,0.10448772657663573,3.1910343515957083,0.09111839379536207,0.071898121925753,0.03425882952087481,22.272727272727273,13.353634682312157,5.866805610345263e-11,2.3617870368588052e-11,4.0,0.0,0.0,66.0,0.008095564217646019,32.0,35.0,0.04,256.0,0.125,4.972766530582698,3.025429726326048,3.0173341621082264,0.00809556421782176,9.0,1.0742962075482865e-11,4.0
3.57,S_inf,0,13,0.0025058990112986354,0.022056579059677454,0.9776785714285714,6.575892857142857,2.1760771362261315,3.03125,0.7871207987251476,0.5058379120879121,0.16739054894047167,256.0,0.0,0.025687081473214284,0.008500301313383326,2.558103067770774,0.4618131011504497,5.369546363380061,0.4791251449297483,5.366495950451854,0.4852222733004036,0.0030504129282081633,0.023042042454878304,39.29017857142857,77.2033532994675,3.364196512641547e-05,8.046155117298604e-05,4.0,0.0,0.9821428571428571,224.0,0.0005017773879741083,32.0,71.0,0.04,256.0,0.125,4.485332535786583,3.5140542729761908,3.513552495585115,0.0005017773910758194,46.0,7.282473235559195e-11,4.0
3.57,S_inf,0,26,0.005067069142768516,0.017504758279045074,0.8828828828828829,9.436936936936936,3.2051599144354923,4.81981981981982,1.333546367203274,0.36295911295911293,0.123275381324442,256.0,0.0,0.03686303490990991,0.012520155915763642,2.9828678548514236,0.5228865286583689,4.993586397473394,0.52683957348043,4.986782420700244,0.5354944637340091,0.006803976773149963,0.018141418373794863,107.61261261261261,98.43026261104234,8.873450137770127e-05,9.510663132764043e-05,4.0,0.0,0.9054054054054054,222.0,0.0005017773879741083,32.0,71.0,0.04,256.0,0.125,4.485332535786583,3.5140542729761908,3.513552495585115,0.0005017773910758194,46.0,7.282473235559195e-11,4.0
3.57,S_inf,0,52,0.008781842609222063,0.01848555751595669,0.6074074074074074,14.311111111111112,4.096008294744688,7.266666666666667,2.191566326389179,0.2752136752136752,0.07876939028355168,256.0,0.0,0.05590277777777778,0.016000032401346436,3.525458099769578,0.49189890304158557,4.4677969825105635,0.49385099521893716,4.455333703387427,0.5038852981119121,0.01246327912313775,0.01899077330475245,164.22222222222223,75.14565280708173,0.00014879588478137643,8.729183244769159e-05,4.0,0.0,0.7555555555555555,135.0,0.0005017773879741083,32.0,71.0,0.04,256.0,0.125,4.485332535786583,3.5140542729761908,3.513552495585115,0.0005017773910758194,46.0,7.282473235559195e-11,4.0
3.57,S_inf,0,104,0.019558988070710097,0.028957939371514346,0.24242424242424243,20.424242424242426,4.235708970961653,11.363636363636363,2.947193650444969,0.1963869463869464,0.04072797087463129,256.0,0.0,0.07978219696969698,0.016545738167818957,4.018962133558909,0.35687853852580576,3.978223428173238,0.3572479508196712,3.9550557084800864,0.3676655592976801,0.023167719693151383,0.027288770348089127,164.95454545454547,64.07912528679414,0.0001386785106274094,8.998390993314001e-05,4.0,0.0,0.6212121212121212,66.0,0.0005017773879741083,32.0,71.0,0.04,256.0,0.125,4.485332535786583,3.5140542729761908,3.513552495585115,0.0005017773910758194,46.0,7.282473235559195e-11,4.0
3.57,S_inf,1,13,0.00213353682113101,0.018805455373820883,0.9598214285714286,6.665178571428571,2.343197213722729,3.0669642857142856,0.7734302527489774,0.5127060439560439,0.18024593951713297,256.0,0.0,0.026035853794642856,0.00915311411610441,2.5690920787597844,0.4883303171774839,5.356472919764788,0.5092340104687052,5.3535851685336,0.5146079881800071,0.002887751231186897,0.019393770137594905,48.058035714285715,83.54447718173927,4.525348232361737e-05,9.62607700469609e-05,4.0,0.0,0.9821428571428571,224.0,0.0036798780764430994,32.0,73.0,0.04,256.0,0.125,4.55508730867292,3.444597091454214,3.4409172132597607,0.0036798781944531456,41.0,7.142836322415747e-11,4.0
3.57,S_inf,1,26,0.013821215502380848,0.047773484151091526,0.8243243243243243,9.824324324324325,3.770528584260255,4.7792792792792795,1.3559755716206368,0.3778586278586279,0.14502033016385596,256.0,0.0,0.03837626689189189,0.014728627282266621,3.014077519081654,0.5813765772955106,4.96105613773606,0.5877694459807921,4.945143718674205,0.6103335865807613,0.015912419061854463,0.0482728240487847,104.47297297297297,98.21059689062011,9.355658961373083e-05,0.00010896602965133922,4.0,0.0,0.8693693693693694,222.0,0.0036798780764430994,32.0,73.0,0.04,256.0,0.125,4.55508730867292,3.444597091454214,3.4409172132597607,0.0036798781944531456,41.0,7.142836322415747e-11,4.0
3.57,S_inf,1,52,0.02147788750269658,0.0384747573536697,0.5333333333333333,15.207407407407407,4.300036685969769,7.4148148148148145,1.971595275067733,0.2924501424501424,0.08269301319172631,256.0,0.0,0.059403935185185185,0.01679701830456941,3.5722889266042275,0.47737642365699495,4.418317811924408,0.48182034475361135,4.393171969050736,0.5032107555953105,0.025145842873671966,0.038253151571678905,167.2,70.88768372364628,0.00015212222072496912,8.777188713168164e-05,4.0,0.0,0.6370370370370371,135.0,0.0036798780764430994,32.0,73.0,0.04,256.0,0.125,4.55508730867292,3.444597091454214,3.4409172132597607,0.0036798781944531456,41.0,7.142836322415747e-11,4.0
3.57,S_inf,1,104,0.027601856176413524,0.028292073316169827,0.09090909090909091,20.87878787878788,3.7639242558119363,11.727272727272727,2.820624552295781,0.20075757575757575,0.03619157938280708,256.0,0.0,0.08155776515151515,0.014702829124265376,4.001579086796166,0.2987309774012632,3.9945864441423273,0.3000886858974603,3.9628934100714868,0.3112209117579361,0.031693034070840495,0.026392196183349335,173.28787878787878,56.40593272888598,0.0001591947871916324,9.605626302922995e-05,4.0,0.0,0.3787878787878788,66.0,0.0036798780764430994,32.0,73.0,0.04,256.0,0.125,4.55508730867292,3.444597091454214,3.4409172132597607,0.0036798781944531456,41.0,7.142836322415747e-11,4.0
3.57,S_inf,2,13,3.031814369681976e-16,7.213155580438038e-17,1.0,4.120535714285714,0.5659439637924069,3.9464285714285716,0.24419275591388115,0.31696428571428564,0.04353415106095439,256.0,0.0,0.016095842633928572,0.0022107186085640893,2.0154276726600235,0.12911362413599828,5.934319041325779,0.13483412573733075,5.934319041325779,0.13483412573733075,0.0,0.0,2.0,0.0,5.253733955815473e-17,1.2499446133802155e-17,4.0,0.0,1.0,224.0,0.0,4.0,200.0,0.005,256.0,0.015625,2.0,6.0,6.0,0.0,2.0,0.0,4.0
3.57,S_inf,2,26,4.2179558955289965e-18,3.1138686236676985e-17,1.0,4.238738738738738,0.8229447422881263,6.90990990990991,0.43598391468694986,0.16302841302841298,0.03165172085723562,256.0,0.0,0.016557573198198196,0.0032146278995629934,2.0403745386496546,0.16545791851040176,5.942069177158132,0.16621227380353887,5.942069177158132,0.1662122738035389,3.200642953874325e-17,2.362846344646859e-16,2.0,0.0,2.0004018461714532e-18,1.476778965404287e-17,4.0,0.0,1.0,222.0,0.0,4.0,200.0,0.005,256.0,0.015625,2.0,6.0,6.0,0.0,2.0,0.0,4.0
3.57,S_inf,2,52,0.0,0.0,1.0,4.437037037037037,1.1195727188094269,12.814814814814815,0.742220743696317,0.0853276353276353,0.02153024459248898,256.0,0.0,0.017332175925925924,0.004373330932849324,2.064265029123572,0.18770102759382545,5.935402661594145,0.1881265598803764,5.935402661594145,0.1881265598803764,0.0,0.0,2.0,0.0,0.0,0.0,4.0,0.0,1.0,135.0,0.0,4.0,200.0,0.005,256.0,0.015625,2.0,6.0,6.0,0.0,2.0,0.0,4.0
3.57,S_inf,2,104,3.0139260494607944e-06,1.7049340380548077e-05,1.0,4.757575757575758,1.5081657137126427,25.40909090909091,1.8255532389112004,0.04574592074592073,0.014501593401083104,256.0,0.0,0.018584280303030304,0.005891272319190011,2.093093625152607,0.21983298678747257,5.9067769996505515,0.21997802591019033,5.906754404867983,0.22002739294457083,2.259478256857764e-05,0.00012781539178941483,8.0,33.94112549695428,2.0898908798794893e-06,1.1822208104821657e-05,4.0,0.0,1.0,66.0,0.0,4.0,200.0,0.005,256.0,0.015625,2.0,6.0,6.0,0.0,2.0,0.0,4.0
3.57,S_inf,3,13,3.060416392037466e-16,6.6156669377382e-17,1.0,4.142857142857143,0.6989423496707474,3.9642857142857144,0.20824828195876077,0.3186813186813186,0.05376479612851903,256.0,0.0,0.016183035714285716,0.002730243553401357,2.0194845193386395,0.15586597990884152,5.9302233437067615,0.1608836757452595,5.9302233437067615,0.1608836757452595,0.0,0.0,2.0401785714285716,0.19637783435645328,5.303297483700525e-17,1.1464077213542203e-17,4.0,0.0,1.0,224.0,0.0,5.0,200.0,0.00625,256.0,0.01953125,2.0113536730834483,5.988637310034976,5.988637310034976,0.0,3.0,0.0,4.0
3.57,S_inf,3,26,0.0,0.0,1.0,4.252252252252252,0.8849947164138964,6.918918918918919,0.38285638488064466,0.16354816354816348,0.0340382583236114,256.0,0.0,0.01661036036036036,0.0034570106109917827,2.0419306495543945,0.16966330573679725,5.940046973721472,0.172422007510817,5.940046973721472,0.172422007510817,0.0,0.0,2.0765765765765765,0.2659184169936116,0.0,0.0,4.0,0.0,1.0,222.0,0.0,5.0,200.0,0.00625,256.0,0.01953125,2.0113536730834483,5.988637310034976,5.988637310034976,0.0,3.0,0.0,4.0
3.57,S_inf,3,52,0.0,0.0,1.0,4.466666666666667,1.159821186728879,12.88888888888889,0.39752319599996266,0.08589743589743587,0.02230425359093998,256.0,0.0,0.017447916666666667,0.004530551510659684,2.0603714201630225,0.1638743408043985,5.939026500965567,0.1654315541467123,5.939026500965567,0.1654315541467123,0.0,0.0,2.140740740740741,0.34775391390534827,0.0,0.0,4.0,0.0,1.0,135.0,0.0,5.0,200.0,0.00625,256.0,0.01953125,2.0113536730834483,5.988637310034976,5.988637310034976,0.0,3.0,0.0,4.0
3.57,S_inf,3,104,0.0,0.0,1.0,4.9393939393939394,1.5460486083423146,25.757575757575758,0.552147489645109,0.04749417249417249,0.01486585200329149,256.0,0.0,0.019294507575757576,0.0060392523763371665,2.0771316770953945,0.1418148409787476,5.922577132759612,0.14235149535947617,5.922577132759612,0.14235149535947617,0.0,0.0,2.257575757575758,0.4372990815049033,0.0,0.0,4.0,0.0,1.0,66.0,0.0,5.0,200.0,0.00625,256.0,0.01953125,2.0113536730834483,5.988637310034976,5.988637310034976,0.0,3.0,0.0,4.0
3.7,S_ch,0,13,0.003738375127566655,0.04556280438528041,0.96875,7.526785714285714,2.469310999292007,2.7544642857142856,0.7777472497146972,0.5789835164835164,0.189946999945539,256.0,0.0,0.029401506696428572,0.009645746090984402,2.7466193538983035,0.49888059673613916,5.1707786824592175,0.5189724293087044,5.165721646483722,0.5264235026680665,0.005057035975495815,0.04586900062337219,81.70089285714286,96.95113275284591,7.418445572983e-05,0.00010741879707765753,4.0,0.0,0.9910714285714286,224.0,0.009904203256882443,32.0,45.0,0.04,256.0,0.125,4.958963302450757,3.0313106375694323,3.021406434315667,0.009904203253765509,8.0,7.560532755412908e-11,4.0
3.7,S_ch,0,26,0.010881215355971063,0.02903607674476097,0.6891891891891891,12.08108108108108,3.2635997787639925,4.027027027027027,1.081869082181967,0.4646569646569646,0.1255230684139997,256.0,0.0,0.04719172297297297,0.012748436635796846,3.35201705970331,0.46148041377779453,4.618774342806484,0.4673306499711406,4.603519919662005,0.4803547513148299,0.015254423144479782,0.030205819916264705,159.76126126126127,78.76977363207831,0.00016772134534556463,0.0001262752387199656,4.0,0.0,0.8333333333333334,222.0,0.009904203256882443,32.0,45.0,0.04,256.0,0.125,4.958963302450757,3.0313106375694323,3.021406434315667,0.009904203253765509,8.0,7.560532755412908e-11,4.0
3.7,S_ch,0,52,0.04104594599100595,0.07429056862961718,0.17037037037037037,18.607407407407408,3.7438271096047955,5.948148148148148,1.4873218213535186,0.3578347578347578,0.07199667518470759,256.0,0.0,0.07268518518518519,0.014624324646893732,3.9403601305461353,0.3491466231669537,4.042907119097184,0.3520840265344344,3.997111150697838,0.38294026386806723,0.04579596839934517,0.07285598382731678,172.71851851851852,60.899024118174125,0.0001774647109642084,0.00010013261804569895,4.0,0.0,0.3925925925925926,135.0,0.009904203256882443,32.0,45.0,0.04,256.0,0.125,4.958963302450757,3.0313106375694323,3.021406434315667,0.009904203253765509,8.0,7.560532755412908e-11,4.0
3.7,S_ch,0,104,0.052900218331543486,0.05413041575231696,0.015151515151515152,26.0,3.541956316141483,8.757575757575758,1.741303987704078,0.25000000000000006,0.03405727227059119,256.0,0.0,0.1015625,0.013835766859927668,4.41497254375989,0.21981581502667474,3.572650501906121,0.22219314708183477,3.5185385186108338,0.23671605178146016,0.054111983295287644,0.05315146849092064,92.15151515151516,71.36191209394768,5.3823214689041775e-05,8.79875731871623e-05,4.0,0.0,0.24242424242424243,66.0,0.009904203256882443,32.0,45.0,0.04,256.0,0.125,4.958963302450757,3.0313106375694323,3.021406434315667,0.009904203253765509,8.0,7.560532755412908e-11,4.0
3.7,S_ch,1,13,0.0032507919881612133,0.024278131324956986,0.96875,7.334821428571429,2.5088133870356693,2.830357142857143,0.806097220930476,0.564217032967033,0.19298564515658995,256.0,0.0,0.028651646205357144,0.009800052293108083,2.7059021749730667,0.5109909587249862,5.2137364017387755,0.5316132971779759,5.209427631657756,0.5375735875740414,0.004308770081019665,0.024389447959123643,71.98214285714286,94.49683310480164,6.172960023318552e-05,9.635052635390473e-05,4.0,0.0,0.9821428571428571,224.0,0.003370821677153807,32.0,53.0,0.04,256.0,0.125,4.865466680599504,3.127821915591185,3.124451093910891,0.0033708216802939006,12.0,2.3568549889496637e-11,4.0
3.7,S_ch,1,26,0.01567887336041414,0.04647968243692415,0.7252252252252253,11.513513513513514,3.737718302075912,4.27027027027027,1.2298534736274969,0.44282744282744274,0.14375839623368894,256.0,0.0,0.044974662162162164,0.014600462117484031,3.262062097336195,0.5310686438862224,4.710904403655891,0.5360367485145525,4.692299266225868,0.5581988228258101,0.01860513743002175,0.04687670969715119,136.22072072072072,91.30032080809323,0.00012504240549257776,0.0001084385773976246,4.0,0.0,0.8198198198198198,222.0,0.003370821677153807,32.0,53.0,0.04,256.0,0.125,4.865466680599504,3.127821915591185,3.124451093910891,0.0033708216802939006,12.0,2.3568549889496637e-11,4.0
3.7,S_ch,1,52,0.033425343836714645,0.05644806366007772,0.2814814814814815,17.6,4.604667519263792,6.392592592592592,1.813922683216093,0.3384615384615385,0.08855129844738062,256.0,0.0,0.06875,0.017986982497124188,3.820003370506561,0.43994277017130207,4.16624695174578,0.4434423621903645,4.128417967306256,0.46961187498701595,0.037828984439523684,0.05532354371643929,167.03703703703704,66.88634997847522,0.00016050821252176645,0.00010243669220535612,4.0,0.0,0.43703703703703706,135.0,0.003370821677153807,32.0,53.0,0.04,256.0,0.125,4.865466680599504,3.127821915591185,3.124451093910891,0.0033708216802939006,12.0,2.3568549889496637e-11,4.0
3.7,S_ch,1,104,0.06560657884591925,0.10551913821822492,0.0,25.09090909090909,3.246103831155841,9.863636363636363,2.1169329131263668,0.24125874125874125,0.031212536838036924,256.0,0.0,0.09801136363636363,0.012680093090452503,4.324998665102368,0.2331023951980251,3.665371368590197,0.23411782056390074,3.5981936602118187,0.25837080149163144,0.0671777083783776,0.10475634136159029,110.77272727272727,75.39608450860463,6.72613920172857e-05,8.5117081910165e-05,4.0,0.0,0.18181818181818182,66.0,0.003370821677153807,32.0,53.0,0.04,256.0,0.125,4.865466680599504,3.127821915591185,3.124451093910891,0.0033708216802939006,12.0,2.3568549889496637e-11,4.0
3.7,S_ch,2,13,0.0029359082350066948,0.021983384722645712,0.96875,7.767857142857143,2.5773122172732825,2.705357142857143,0.8306451113564735,0.5975274725274725,0.19825478594409865,256.0,0.0,0.030343191964285716,0.01006762584872376,2.7907199935190867,0.5162158859213902,5.124364599317616,0.5387136552791814,5.119902589040137,0.5451356061154256,0.0044620102774786275,0.022672398957242785,87.93303571428571,97.94399811006512,8.374357242727054e-05,0.00010705782633067045,4.0,0.0,0.9821428571428571,224.0,0.006335928468837215,32.0,35.0,0.04,256.0,0.125,4.959186362273817,3.033353388635134,3.027017460166171,0.006335928468963026,8.0,8.154157904449733e-12,4.0
3.7,S_ch,2,26,0.01756555852060196,0.039702439469654065,0.6621621621621622,12.36036036036036,3.703645131154954,4.031531531531532,1.1755375984638512,0.4753984753984753,0.14244788965980593,256.0,0.0,0.04828265765765766,0.014467363793574039,3.3772717998905857,0.5132622048160765,4.5913445041369165,0.5213502017408458,4.570205102248486,0.5424844991699451,0.021139401888432167,0.04054263824393565,160.8783783783784,77.70287935741769,0.00015269633697117825,0.00010041837511832391,4.0,0.0,0.7612612612612613,222.0,0.006335928468837215,32.0,35.0,0.04,256.0,0.125,4.959186362273817,3.033353388635134,3.027017460166171,0.006335928468963026,8.0,8.154157904449733e-12,4.0
3.7,S_ch,2,52,0.0395012853124481,0.04598308090605521,0.1925925925925926,19.37037037037037,4.292527082234273,5.940740740740741,1.6182430480043057,0.37250712250712253,0.08254859773527447,256.0,0.0,0.07566550925925926,0.01676768391497763,3.98218358540861,0.3897277600018917,4.000234819430096,0.39554159357815916,3.9563548704489877,0.42103300421163736,0.04387994898110805,0.044552953651337504,164.0962962962963,68.14090782794072,0.00016038433336596503,0.00011162904548697505,4.0,0.0,0.32592592592592595,135.0,0.006335928468837215,32.0,35.0,0.04,256.0,0.125,4.959186362273817,3.033353388635134,3.027017460166171,0.006335928468963026,8.0,8.154157904449733e-12,4.0
3.7,S_ch,2,104,0.06157613922297955,0.06940901028904756,0.0,26.575757575757574,3.1288520794645884,8.984848484848484,1.770913342869224,0.2555361305361305,0.030085116148697966,256.0,0.0,0.10381155303030302,0.012222078435408549,4.446168362984958,0.21515161243724926,3.5410711380233115,0.21772852445622262,3.4783373786009717,0.22783472497482668,0.06273375942234004,0.06862121817441105,83.5909090909091,72.30804835389564,4.605479304212095e-05,8.612966032132717e-05,4.0,0.0,0.15151515151515152,66.0,0.006335928468837215,32.0,35.0,0.04,256.0,0.125,4.959186362273817,3.033353388635134,3.027017460166171,0.006335928468963026,8.0,8.154157904449733e-12,4.0
3.7,S_ch,3,13,0.00437827467845527,0.041626104195753764,0.9642857142857143,7.611607142857143,2.430470469437167,2.763392857142857,0.7513672698718609,0.5855082417582417,0.18695926687978207,256.57142857142856,6.020373573058707,0.029652622767857146,0.009402216117797776,2.762766177390286,0.4916077463697893,5.151575956071978,0.5176509285352489,5.1461461402326,0.5272593587530966,0.005429815839378056,0.04170201744484222,79.125,96.3311925635424,6.654961928726038e-05,9.042303588202506e-05,4.002232142857143,0.023517084269760572,0.9821428571428571,224.0,0.0011255938161433873,32.0,41.0,0.04,256.0,0.125,4.9401930629841155,3.0539889418622765,3.0528633480497867,0.001125593812489889,9.0,6.16536266484502e-11,4.0
3.7,S_ch,3,26,0.018324183619434276,0.05950521103078123,0.6531531531531531,12.00900900900901,3.732003050063679,4.1441441441441444,1.2437001380061514,0.46188496188496186,0.14353857884860302,256.86486486486484,7.3894086445989435,0.046702561936936934,0.014238546359739462,3.331211342787846,0.5228778823323387,4.6374622066740105,0.5311341336552018,4.615770852484434,0.5549745741334653,0.021691354189577114,0.05952884259528974,143.48648648648648,87.97797276170228,0.00013978370571361782,0.00011501216440674426,4.003378378378378,0.028864877517964627,0.7567567567567568,222.0,0.0011255938161433873,32.0,41.0,0.04,256.0,0.125,4.9401930629841155,3.0539889418622765,3.0528633480497867,0.001125593812489889,9.0,6.16536266484502e-11,4.0
3.7,S_ch,3,52,0.04872953490623254,0.07128587427137116,0.21481481481481482,18.466666666666665,4.774624282290391,6.2,2.0648737742786367,0.35512820512820514,0.09181969773635369,257.89629629629627,10.852051571920208,0.07155671296296297,0.018067561520569236,3.8975812650166324,0.49110232492069544,4.085614958336305,0.4960039428593999,4.033149513769484,0.5338910771478931,0.05246544456682132,0.07025384585444444,161.14814814814815,70.65372192953865,0.00015094044895185382,0.00010137711673304868,4.007407407407407,0.04239082645281333,0.34074074074074073,135.0,0.0011255938161433873,32.0,41.0,0.04,256.0,0.125,4.9401930629841155,3.0539889418622765,3.0528633480497867,0.001125593812489889,9.0,6.16536266484502e-11,4.0
3.7,S_ch,3,104,0.06586356603875192,0.06144912443925185,0.0,26.272727272727273,4.054722105133995,9.803030303030303,3.0262472859046667,0.25262237762237755,0.038987712549365346,259.8787878787879,15.270803149598663,0.1010061553030303,0.013674928738718346,4.383159799313814,0.32628313989353935,3.607060591052022,0.3254998205983139,3.540015999246426,0.35756661789477484,0.06704459180559612,0.060576851562374766,93.6969696969697,73.55310794104462,5.397530257155449e-05,8.486646495982408e-05,4.015151515151516,0.05965157480311978,0.10606060606060606,66.0,0.0011255938161433873,32.0,41.0,0.04,256.0,0.125,4.9401930629841155,3.0539889418622765,3.0528633480497867,0.001125593812489889,9.0,6.16536266484502e-11,4.0
3.85,S_ch,0,13,0.014348729910710694,0.07553985338453117,0.6071428571428571,12.611607142857142,0.6853369264866169,1.2991071428571428,0.47696876502148694,0.9701236263736265,0.05271822511435513,457.8125,104.08080062161183,0.02902872953869048,0.00692099204236147,3.6401685041972978,0.10678848018195551,4.498686291948874,0.32211787198110403,4.477840426598929,0.3398874039556289,0.020845865349944974,0.07535202991089468,189.59821428571428,43.733355981249055,0.00027309550497276814,0.00015009476352852635,4.625,0.26305214040457564,0.9598214285714286,224.0,0.4427420093428359,345.0,17.0,0.43125,1080.0,0.3194444444444444,8.057211864396526,0.611566083995779,0.16882407464445848,0.4427420093513206,10.0,4.748336446258605e-11,5.75
3.85,S_ch,0,26,0.14765119847037375,0.17203323290190353,0.0,24.603603603603602,1.2576202271205283,1.7927927927927927,0.5471814284346024,0.9462924462924464,0.04837000873540494,618.4684684684685,84.97560008241261,0.04059139139139139,0.006385215409889125,4.590932060477437,0.10029743505434796,3.836243571204099,0.21141561818730686,3.6462188646521128,0.311595938513261,0.1900247065519866,0.17366381661067978,200.0,0.0,0.0006553477127916385,0.0003121850090996297,4.986486486486487,0.17221999679149466,0.27927927927927926,222.0,0.4427420093428359,345.0,17.0,0.43125,1080.0,0.3194444444444444,8.057211864396526,0.611566083995779,0.16882407464445848,0.4427420093513206,10.0,4.748336446258605e-11,5.75
3.85,S_ch,0,52,0.9289671781995705,0.2894635659741045,0.0,46.8,2.3938192016880415,2.4444444444444446,0.6402160129283525,0.9,0.04603498464784695,680.925925925926,77.4720623125361,0.06946897119341564,0.007390311765754875,5.491516893625744,0.102421545561032,3.0477970556690894,0.14751438265515177,2.106250013474708,0.35260475322156853,0.9415470421943819,0.27724400676774796,190.6962962962963,32.327782816613556,0.0002746424245015608,0.00026487037194708983,5.109259259259259,0.14784691597194127,0.0,135.0,0.4427420093428359,345.0,17.0,0.43125,1080.0,0.3194444444444444,8.057211864396526,0.611566083995779,0.16882407464445848,0.4427420093513206,10.0,4.748336446258605e-11,5.75
3.85,S_ch,0,104,1.2020989513909495,0.15293653503159496,0.0,86.45454545454545,4.489657536314816,3.5,0.9414688716912718,0.8312937062937062,0.04316978400302709,735.0,108.74281585465772,0.11983658810325476,0.016213011128604023,6.330009975277598,0.10674169919064026,2.264040137446646,0.1174401956438687,1.0618844507853746,0.19485737041781975,1.202155686661271,0.15287148301788805,58.39393939393939,48.35690505294314,4.896285484159748e-06,1.6619702742763274e-05,5.208333333333333,0.1925867245285782,0.0,66.0,0.4427420093428359,345.0,17.0,0.43125,1080.0,0.3194444444444444,8.057211864396526,0.611566083995779,0.16882407464445848,0.4427420093513206,10.0,4.748336446258605e-11,5.75
3.85,S_ch,1,13,0.007560029356770803,0.04299965047447109,0.59375,12.575892857142858,0.7981838241231382,1.3035714285714286,0.48805894173987313,0.9673763736263737,0.06139875570177985,449.48660714285717,101.41934603024616,0.029430003720238095,0.007022569572675942,3.6341555320117465,0.12802011039270736,4.500114156071508,0.3270644943512271,4.485721801788438,0.33202578863728355,0.014392354283068995,0.04404569214236364,195.63839285714286,28.871150780962854,0.00027907192250580627,0.00015056957657485676,4.603794642857143,0.2546380006987811,0.9732142857142857,224.0,0.4631539431668802,337.0,22.0,0.42125,1080.0,0.31203703703703706,7.9972948888781445,0.6318222896508381,0.16866834648253715,0.46315394316830094,11.0,2.511134356009137e-11,5.75
3.85,S_ch,1,26,0.14381898324387543,0.19054095258598755,0.0045045045045045045,24.396396396396398,1.4629310285250114,1.8558558558558558,0.5904166622634575,0.9383229383229383,0.05626657802019275,594.0315315315315,84.26862825788267,0.04196996996996996,0.006973785398324284,4.573515337502214,0.1195797354158911,3.8250279330977226,0.20889271868528106,3.6358696197124307,0.31386107117486234,0.18915831338529182,0.1921333202821359,200.0,0.0,0.0006757588349088965,0.0003680010667013192,4.9358108108108105,0.17627021708920632,0.31981981981981983,222.0,0.4631539431668802,337.0,22.0,0.42125,1080.0,0.31203703703703706,7.9972948888781445,0.6318222896508381,0.16866834648253715,0.46315394316830094,11.0,2.511134356009137e-11,5.75
3.85,S_ch,1,52,0.8854740902377969,0.31179415376391617,0.0,46.096296296296295,2.197217344815176,2.6814814814814816,0.7567166097257562,0.8864672364672365,0.04225417970798416,656.4814814814815,54.25957527401337,0.07066074074074075,0.006362645445447348,5.460175378728049,0.09377889032629104,3.0491881924180597,0.13765500798893704,2.14839393073158,0.35473670499982674,0.9007942616864799,0.2996719909882677,193.94814814814814,28.237437329563303,0.000310734478320023,0.000245564511147516,5.062962962962963,0.10851915054802676,0.0,135.0,0.4631539431668802,337.0,22.0,0.42125,1080.0,0.31203703703703706,7.9972948888781445,0.6318222896508381,0.16866834648253715,0.46315394316830094,11.0,2.511134356009137e-11,5.75
3.85,S_ch,1,104,1.2461102691145112,0.13253790181235992,0.0,84.54545454545455,3.344746301842856,3.909090909090909,1.2151477367129346,0.8129370629370629,0.03216102213310438,690.1515151515151,71.75806203766436,0.1238114478114478,0.013546626325766134,6.287260412760038,0.07897656784780048,2.27811541171262,0.10301144177371171,1.0319466739743326,0.15882912396972762,1.2461687377382875,0.1324917089170328,49.54545454545455,37.11904755593891,3.652332153936385e-06,1.930036550402701e-05,5.128787878787879,0.13927860841553208,0.0,66.0,0.4631539431668802,337.0,22.0,0.42125,1080.0,0.31203703703703706,7.9972948888781445,0.6318222896508381,0.16866834648253715,0.46315394316830094,11.0,2.511134356009137e-11,5.75
3.85,S_ch,2,13,0.002929327126914765,0.022003301938389907,0.6116071428571429,12.629464285714286,0.7203841228391804,1.2678571428571428,0.4814810272397415,0.9714972527472528,0.055414163295321575,459.5267857142857,101.48904407984044,0.02887348400297619,0.0067313421279231594,3.6424881771032607,0.11566970617039771,4.512497902926085,0.3123752405119701,4.503159782334937,0.31518407209471494,0.009338120591148072,0.023302682554210065,190.37946428571428,42.34292114558915,0.00026070978756226576,0.00012791796520680659,4.630580357142857,0.25326461805198,0.9910714285714286,224.0,0.4620389738456436,344.0,31.0,0.43,900.0,0.38222222222222224,7.9907776659141385,0.6494274436093361,0.1873884697537136,0.46203897385562254,12.0,2.0454027360727878e-11,5.5
3.85,S_ch,2,26,0.12960524967381357,0.19305241700493275,0.0,24.5990990990991,1.2863101426064247,1.7612612612612613,0.5940654210904269,0.9461191961191961,0.04947346702332404,617.3648648648649,85.50547756401463,0.040620695695695694,0.006175063544310112,4.59033076543464,0.10411767348626125,3.840991406639933,0.19796725640017251,3.6637484554559023,0.2969504434874787,0.17724295118403116,0.19700685844502236,200.0,0.0,0.0006810317281529797,0.00033031034766759415,4.9842342342342345,0.1703840365442088,0.36486486486486486,222.0,0.4620389738456436,344.0,31.0,0.43,900.0,0.38222222222222224,7.9907776659141385,0.6494274436093361,0.1873884697537136,0.46203897385562254,12.0,2.0454027360727878e-11,5.5
3.85,S_ch,2,52,0.9300861984249995,0.3207875905918464,0.0,46.525925925925925,2.334379542054994,2.525925925925926,0.7777425036092851,0.8947293447293448,0.044891914270288345,670.5555555555555,75.3919797941661,0.07010666666666668,0.007376231083845342,5.479583806532104,0.09959160741940377,3.0591448817049307,0.14264220613785236,2.1140179555097025,0.3708718240773207,0.9451269261952286,0.30823884409979585,191.11851851851853,32.83653156489918,0.00031193276510635225,0.0002873341368806445,5.088888888888889,0.14423061095274634,0.0,135.0,0.4620389738456436,344.0,31.0,0.43,900.0,0.38222222222222224,7.9907776659141385,0.6494274436093361,0.1873884697537136,0.46203897385562254,12.0,2.0454027360727878e-11,5.5
3.85,S_ch,2,104,1.2777305578925353,0.1327859157844217,0.0,85.86363636363636,3.6302031149299876,3.9545454545454546,1.0361908415224952,0.825611888111888,0.03490579918201911,710.9848484848485,87.91878008505185,0.1224026936026936,0.01431748374080396,6.317944757772503,0.08136247672937517,2.274209672482301,0.10193578917347301,0.9964144584151591,0.1623237220736814,1.2777952140671418,0.13266095091798108,47.015151515151516,36.388681400511786,3.887718394762662e-06,2.0315018904207675e-05,5.166666666666667,0.16476184220402684,0.0,66.0,0.4620389738456436,344.0,31.0,0.43,900.0,0.38222222222222224,7.9907776659141385,0.6494274436093361,0.1873884697537136,0.46203897385562254,12.0,2.0454027360727878e-11,5.5
3.85,S_ch,3,13,0.010047502436293678,0.06182380642032285,0.5758928571428571,12.607142857142858,0.7542397172122456,1.2901785714285714,0.48245277737614817,0.9697802197802198,0.05801843978555734,450.875,94.65502448742109,0.029219931175595237,0.006509228104297114,3.639222457664961,0.1188822171672174,4.486506441689366,0.29354314779427826,4.469708296481808,0.29410653621656585,0.01679814520755827,0.061792061976944763,194.73660714285714,31.72801965685321,0.0002827398654553886,0.00014138653154632295,4.609375,0.2415566380271923,0.9776785714285714,224.0,0.4494734083321924,351.0,16.0,0.43875,900.0,0.39,8.046935479495506,0.5977951059379425,0.148321697602114,0.4494734083358285,10.0,4.095451755503632e-11,5.5
3.85,S_ch,3,26,0.1767511808736148,0.21503263625657798,0.0,24.46846846846847,1.5205488566903527,1.7927927927927927,0.555352612880088,0.9410949410949413,0.058482648334244346,587.3648648648649,72.6689843609005,0.04231310060060059,0.005893649885033637,4.5803671869515625,0.12279289758281434,3.8038974209723304,0.1975762217584216,3.579207687090724,0.3134775724123189,0.22468973388160496,0.21412378678710905,200.0,0.0,0.0006805587433681092,0.00034342987381568617,4.922297297297297,0.15337242517319144,0.24774774774774774,222.0,0.4494734083321924,351.0,16.0,0.43875,900.0,0.39,8.046935479495506,0.5977951059379425,0.148321697602114,0.4494734083358285,10.0,4.095451755503632e-11,5.5
3.85,S_ch,3,52,1.0145068338000325,0.3392992734284229,0.0,46.43703703703704,2.736874149415601,2.466666666666667,0.6531972647421808,0.8930199430199431,0.05263219518106924,635.1851851851852,37.42848691001433,0.07333827160493829,0.005833134414271202,5.474888229513683,0.11894518213582055,3.0282183875791375,0.1694359736247242,1.999135338368703,0.4056251466181979,1.0290830492104346,0.3250452822615551,186.72592592592594,39.66478606739599,0.00028343175699800216,0.00028794307917369807,5.020370370370371,0.07485697382002866,0.0,135.0,0.4494734083321924,351.0,16.0,0.43875,900.0,0.39,8.046935479495506,0.5977951059379425,0.148321697602114,0.4494734083358285,10.0,4.095451755503632e-11,5.5
3.85,S_ch,3,104,1.311734110497008,0.13105172677949903,0.0,85.62121212121212,4.3546044997156725,3.6666666666666665,0.8761716542303613,0.8232808857808858,0.04187119711265069,647.7272727272727,48.21182598999188,0.1328242424242424,0.010980310731153207,6.311657597786243,0.10202684634559293,2.2419359212558585,0.13492294951520703,0.9301812349085883,0.2047098319335306,1.3117546863472704,0.13103542986673963,42.833333333333336,30.636966843565588,1.699230325095431e-06,1.0023090101557558e-05,5.045454545454546,0.09642365197998375,0.0,66.0,0.4494734083321924,351.0,16.0,0.43875,900.0,0.39,8.046935479495506,0.5977951059379425,0.148321697602114,0.4494734083358285,10.0,4.095451755503632e-11,5.5
